{"_wandb":{"runtime":239},"epoch":1,"_timestamp":1.7447211445898888e+09,"_runtime":238.082455449,"_step":208,"loss":2.06770658493042}